edge_id,source_id,target_id,edge_type,edge_key,role,scope,stage,months,value,observed,n,source_col,detail
E_199c5bad9d285fe4,CASE_4200-73111-00001-22,PERSON_4200-73111-00001-22_O,HAS_PARTICIPANT,HAS_PARTICIPANT,offender,case,,,,,,,
E_572fe047b4bf2158,CASE_4200-73111-00001-22,PERSON_4200-73111-00001-22_V,HAS_PARTICIPANT,HAS_PARTICIPANT,victim,case,,,,,,,
E_b9ba72f45fcebd84,PERSON_4200-73111-00001-22_V,PERSON_4200-73111-00001-22_O,SEPARATED_FROM,SEPARATED_FROM,,case,prior,0,1,1,,,
E_5a4753978313bdca,PERSON_4200-73111-00001-22_V,PERSON_4200-73111-00001-22_O,HAS_NEW_PARTNER,HAS_NEW_PARTNER,,case,prior,,0,1,,,
E_37e494f4bca89b41,PERSON_4200-73111-00001-22_O,PERSON_4200-73111-00001-22_V,CHILD_CUSTODY_DISPUTE,CHILD_CUSTODY_DISPUTE,,case,prior,,0,1,,,
E_0af72bb459af96e8,PERSON_4200-73111-00001-22_O,PERSON_4200-73111-00001-22_V,SHARED_CHILDREN,SHARED_CHILDREN,,case,prior,,0,1,0,,
E_ccd584610c589ccf,PERSON_4200-73111-00001-22_O,PERSON_4200-73111-00001-22_V,PRIOR_FAMILY_COURT_INVOLVEMENT,PRIOR_FAMILY_COURT_INVOLVEMENT,,case,prior,,0,1,,,
E_914afa4d6019432f,CASE_4200-73111-00001-22,PERSON_4200-73111-00001-22_CHILD_1,HAS_PARTICIPANT,HAS_PARTICIPANT,child,case,,,,,,,
E_b8f33907c2723fae,PERSON_4200-73111-00001-22_V,PERSON_4200-73111-00001-22_CHILD_1,PARENT_OF,PARENT_OF,,case,,,,,,,
E_ac95a588669ba63e,CASE_4200-73111-00001-22,PERSON_4200-73111-00001-22_CHILD_2,HAS_PARTICIPANT,HAS_PARTICIPANT,child,case,,,,,,,
E_f654ca6d33fecb8c,PERSON_4200-73111-00001-22_V,PERSON_4200-73111-00001-22_CHILD_2,PARENT_OF,PARENT_OF,,case,,,,,,,
E_b1c9f589241e5d23,PERSON_4200-73111-00001-22_CHILD_1,CASE_4200-73111-00001-22,WITNESSED_CRIME,WITNESSED_CRIME,,case,during,,1,1,,,
E_07ea8dc87b180647,PERSON_4200-73111-00001-22_CHILD_2,CASE_4200-73111-00001-22,WITNESSED_CRIME,WITNESSED_CRIME,,case,during,,1,1,,,
E_57381e8ba32a8859,PERSON_4200-73111-00001-22_O,PERSON_4200-73111-00001-22_V,PRIOR_VIOLENCE,PRIOR_VIOLENCE,,case,prior,,1,1,,prior_violence,Convicted several crimes
E_6d8a843049a89201,PERSON_4200-73111-00001-22_O,PERSON_4200-73111-00001-22_V,COERCIVE_CONTROL,COERCIVE_CONTROL,,case,prior,,1,1,,control,
E_9b951c472473ffb0,PERSON_4200-73111-00001-22_O,PERSON_4200-73111-00001-22_V,ATTEMPTED_ISOLATION,ATTEMPTED_ISOLATION,,case,prior,,1,1,,prior_attempts_isolate_victim,
E_12a7b43f3f3a0547,PERSON_4200-73111-00001-22_O,PERSON_4200-73111-00001-22_V,PRIOR_STRANGULATION,PRIOR_STRANGULATION,,case,prior,,,0,,prior_strangulation,
E_0e378c4be444f84c,PERSON_4200-73111-00001-22_O,PERSON_4200-73111-00001-22_V,THREATENED_WITH_WEAPON,THREATENED_WITH_WEAPON,,case,prior,,0,1,,prior_threats_with_weapon,
E_de77182bad6b3477,PERSON_4200-73111-00001-22_O,PERSON_4200-73111-00001-22_V,ASSAULTED_WITH_WEAPON,ASSAULTED_WITH_WEAPON,,case,prior,,0,1,,prior_assault_with_weapon,
E_7b792b2f63d179b7,PERSON_4200-73111-00001-22_O,PERSON_4200-73111-00001-22_V,SEXUAL_VIOLENCE,SEXUAL_VIOLENCE,,case,during,,0,1,,,
E_64e95c4557fbb77e,PERSON_4200-73111-00001-22_O,PERSON_4200-73111-00001-22_V,ESCALATED_VIOLENCE,ESCALATED_VIOLENCE,,case,prior,,1,1,,escalation_of_violence,
E_39d0f61714fcad67,PERSON_4200-73111-00001-22_O,PERSON_4200-73111-00001-22_V,STALKED,STALKED,,case,prior,,1,1,,obsessive_behaviour,
E_a0fda141bb2450ff,PERSON_4200-73111-00001-22_O,PERSON_4200-73111-00001-22_V,SEXUAL_JEALOUSY,SEXUAL_JEALOUSY,,case,prior,,1,1,,sexual_jealousy,
E_a2fcae8b2da7fd07,PERSON_4200-73111-00001-22_O,PERSON_4200-73111-00001-22_V,MISOGYNISTIC_ATTITUDES,MISOGYNISTIC_ATTITUDES,,case,prior,,1,1,,misogynistic_attitudes,
E_3c51f96e37217763,PERSON_4200-73111-00001-22_O,PERSON_4200-73111-00001-22_V,CONTROLLED_DAILY_ACTIVITIES,CONTROLLED_DAILY_ACTIVITIES,,case,prior,,1,1,,controlled_victims_daily_activities,
E_f927b441d97ff492,PERSON_4200-73111-00001-22_O,PERSON_4200-73111-00001-22_V,THREATENED_SUICIDE,THREATENED_SUICIDE,,case,prior,,1,1,,threats_of_suicide,
E_69b2db0eb2e3a050,PERSON_4200-73111-00001-22_O,PERSON_4200-73111-00001-22_V,YOUTH_COUPLE,YOUTH_COUPLE,,case,prior,,0,1,,youth_couple,
E_c609b40b995a24a3,PERSON_4200-73111-00001-22_V,PERSON_4200-73111-00001-22_O,YOUTH_COUPLE,YOUTH_COUPLE,,case,prior,,0,1,,youth_couple,
E_292e31b005d5f257,PERSON_4200-73111-00001-22_O,PERSON_4200-73111-00001-22_CHILD_1,THREATENED_HARMED_CHILD,THREATENED_HARMED_CHILD,,case,prior,,0,1,,offender_threatened_harmed_children,
E_9b2aae25f98ef4ec,PERSON_4200-73111-00001-22_O,PERSON_4200-73111-00001-22_CHILD_2,THREATENED_HARMED_CHILD,THREATENED_HARMED_CHILD,,case,prior,,0,1,,offender_threatened_harmed_children,
E_45c4238184b90bdd,PERSON_4200-73111-00001-22_O,WEAPON_KNIFE,USED,USED,,case,during,,,,,,
E_37f8ef559b226f1f,WEAPON_KNIFE,PERSON_4200-73111-00001-22_V,AGAINST,AGAINST,,case,during,,,,,,
E_bc21ab9ab31a5923,PERSON_4200-73111-00001-22_O,METHOD_STABBING,KILLED_BY,KILLED_BY,,case,during,,,,,,
E_b0a861514101e703,METHOD_STABBING,PERSON_4200-73111-00001-22_V,SUFFERED,SUFFERED,,case,during,,,,,,
E_7aad623dd4833fc1,PERSON_4200-73111-00001-22_O,LOCATION_VICTIM_HOME,LOCATED_AT,LOCATED_AT,,case,during,,,,,,
E_de3ac45b84693913,PERSON_4200-73111-00001-22_V,LOCATION_VICTIM_HOME,LOCATED_AT,LOCATED_AT,,case,during,,,,,,
E_871a3f377f98f03c,PERSON_4200-73111-00001-22_O,COURT_VESTRE_LANDSRET,SENTENCED_BY,SENTENCED_BY,,case,post,,,,,,
E_2af1dc340a3f1faa,CASE_4200-73111-00001-22,COURT_VESTRE_LANDSRET,SENTENCED_AT,SENTENCED_AT,,case,post,,,,,,
E_fbed9779fad89d51,CASE_4200-73111-00001-22,EVENT_4200-73111-00001-22_CRIME,HAS_CRIME_EVENT,HAS_CRIME_EVENT,,case,during,,,,,,
E_3c2bce3bce5d03ff,CASE_4200-73111-00001-22,EVENT_4200-73111-00001-22_REPORT,HAS_REPORT_EVENT,HAS_REPORT_EVENT,,case,post,,,,,,
E_f92ee5bf2828ded0,CASE_4200-73111-00001-22,EVENT_4200-73111-00001-22_VERDICT,HAS_VERDICT_EVENT,HAS_VERDICT_EVENT,,case,post,,,,,,
E_ee3ccbf6db0ba919,EVENT_4200-73111-00001-22_CRIME,EVENT_4200-73111-00001-22_REPORT,FOLLOWED_BY,FOLLOWED_BY,,case,,,,,,,
E_c600fa398854b9ea,EVENT_4200-73111-00001-22_REPORT,EVENT_4200-73111-00001-22_VERDICT,FOLLOWED_BY,FOLLOWED_BY,,case,,,,,,,
